Orden,Fecha de búsqueda,Producto,Precio
1,2024-06-28,Planchita de pelo GA.MA Italy Bella Tourmaline Red Ion negra y roja 110V/220V,$62.800
2,2024-06-28,GA.MA Italy Elegance 3D Blue Titanio Azul/Gris 110V/220V,$107.742
3,2024-06-28,Planchita de pelo GA.MA Italy Elegance Chia negra 110V/220V,$46.399
4,2024-06-28,Planchita de pelo GA.MA Italy Elegance Bella Tourmaline Red Ion negra 110V/220V,$53.379
5,2024-06-28,Planchita de pelo GA.MA Italy Elegance Keration rosa 100V/240V,$107.693
6,2024-06-28,Planchita de pelo GA.MA Italy Elegance Bella Ceramic Shine Ion negra 110V/220V,$59.999
7,2024-06-28,Planchita de pelo GA.MA Italy Elegance Digital roja 110V/240V,$110.999
8,2024-06-28,Planchita de pelo GA.MA Italy Elegance Bella Tourmaline Ion Led negra 110V/220V,$113.230
9,2024-06-28,Planchita de pelo mini GA.MA Italy GBS Absolute Touch Mini negra 110V/220V,$50.000
10,2024-06-28,Planchita de pelo GA.MA Italy Elegance Avocado Active Oil negra 110V/220V,$48.345
11,2024-06-28,Planchita de pelo GA.MA Italy Elegance Marula 110V/220V,$135.609
12,2024-06-28,Planchita de pelo GA.MA Italy X-Wide Digital Kerashine 4D verde 110V/240V,$116.548
13,2024-06-28,Planchita de pelo GA.MA Italy Elegance Led Keration GI0210 rosa 100V/240V,$138.990
14,2024-06-28,Planchita de pelo GA.MA Italy Elegance Gold negra 220V,$61.066
15,2024-06-28,Planchita de pelo GA.MA Italy Elegance Led KeraShine 4D verde 110V/220V,$125.879
